,index,location,country,found_lat,found_lng,matched_location
0,3,Angola,Angola,-11.8775768,17.5691241,"Angola, Angola"
1,14,Anguil - Provincia La Pampa,Argentina,-36.5362218,-63.9442519,"Ruta Provincial 7, 63000, La Pampa, Argentina"
2,15,Argentina,Argentina,-34.9964963,-64.9672817,"Argentina, Argentina"
3,16,El Manantial,Argentina,-28.7273918,-66.1433925,"El Manantial, K4726, Catamarca, Argentina"
4,17,Los Pereyras,Argentina,-34.5121516,-58.5248182,"Unilever Argentina, 4191, Alférez Hipólito Bouchard, B1605BNA, Alférez Hipólito Bouchard, Vicente López, Buenos Aires, Argentina"
5,19,"Zakatala, City",Azerbaijan,40.58189255,49.6918518562582,"Rivyera City, Sumgayit, Sumqayit, Azerbaijan"
6,20,Dinajpur,Bangladesh,25.6260712,88.6346228,"Dinajpur, 5216, Rangpur Division, Bangladesh"
7,21,"Ars, Rajbari, Dinajpur",Bangladesh,25.6422313,88.6462899,"aristocrats, Dhaka - Dinajpur Hwy, 5200, Dhaka - Dinajpur Hwy, Dinajpur, Rangpur Division, Bangladesh"
8,22,"Ars. Burirhat, Rangpur",Bangladesh,25.754379999999998,89.24997547234628,"Police Area Quarter, Rangpur Police, Pourobazar Road, 5400, Pourobazar Road, Rangpur, Rangpur Division, Bangladesh"
9,23,Bogra,Bangladesh,24.8480859,89.3729529,"Bogra, 5800, Rajshahi Division, Bangladesh"
10,25,Gazipur,Bangladesh,23.9980797,90.4229848,"Gazipur, 1702, Dhaka Division, Bangladesh"
11,32,"Joydebpur, Gazipur",Bangladesh,23.9980797,90.4229848,"Gazipur, 1702, Dhaka Division, Bangladesh"
12,34,Rajbari,Bangladesh,23.73987245,89.57039201261236,"Rajbari District, Dhaka Division, Bangladesh"
13,35,"Rars, Bari, Jamalpur",Bangladesh,24.9510208,89.8722132,"Jamalpur-Melandah Rd, Char Banipakuri, Mymensingh Division, Bangladesh"
14,36,"Belmopan, Cardi Station",Belize,17.2481986,-88.7647713,"Cardinal Avenue, BZ1000, Belmopan, Cayo, Belize"
15,41,Bolivia,Bolivia,-17.0568696,-64.9912286,"Bolivia, Bolivia"
16,46,El Abra (santa Cruz),Bolivia,-18.0342451,-63.45006110158694,"Municipio El Torno, Santa Cruz, Bolivia"
17,47,El Palmar (santa Cruz),Bolivia,-17.0793079,-64.3090184,"El Palmar, Santa Cruz, Bolivia"
18,49,Entre Rios,Bolivia,-17.3054892,-64.44148087663636,"Municipio Entre Ríos, +591, Cochabamba, Bolivia"
19,50,Fundacion Proinpa,Bolivia,-17.3462403,-66.1577497,"Fundación Cristo Vive Bolivia, Calle Jose Eduardo Guerra, 447, Calle Jose Eduardo Guerra, Cochabamba, Cochabamba, Bolivia"
20,52,Lomas De Arena (santa Cruz),Bolivia,-17.9548566,-63.145631662945014,"Parque Regional y Área Natural de Manejo Integrado Lomas de Arena, Camino Nuevo Palmar, Camino Nuevo Palmar, Municipio La Guardia, Santa Cruz, Bolivia"
21,53,"Mairana, Santa Cruz",Bolivia,-17.89881405,-64.03835736267116,"Municipio Mairana, Santa Cruz, Bolivia"
22,54,Monteagudo,Bolivia,-20.00271135,-64.08909541853487,"Municipio Monteagudo, Chuquisaca, Bolivia"
23,58,Pajonal,Bolivia,-21.4849868,-64.168901,"Pajonal, Tarija, Bolivia"
24,59,Saavedra,Bolivia,-19.25,-65.5,"Provincia Saavedra, Potosí, Bolivia"
25,60,San Ignacio,Bolivia,-15.28290925,-65.61426114395618,"Municipio San Ignacio, Beni, Bolivia"
26,62,Santa Cruz (cuatro Caminos),Bolivia,-17.2762404,-62.174923340622634,"Municipio Cuatro Cañadas, 3391, Santa Cruz, Bolivia"
27,63,Santa Cruz De La Sierra,Bolivia,-17.7836009,-63.182206,"Santa Cruz de la Sierra, 3212, Santa Cruz, Bolivia"
28,64,Santa Cruz De La Sierra (el Vallecito),Bolivia,-17.6977599,-63.14502191551192,"UAGRM El Vallecito, Avenida Milton Parra P, Avenida Milton Parra P, Municipio Santa Cruz de la Sierra, Santa Cruz, Bolivia"
29,65,Tarija,Bolivia,-21.5340695,-64.7344181,"Tarija, 0601, Tarija, Bolivia"
30,66,Valle Del Medio,Bolivia,-21.6074533,-64.1465144,"Valle del Medio, Tarija, Bolivia"
31,67,Vallecitos (iboperenda),Bolivia,-21.7330205,-64.0587266,"Vallecito Los Lapachos, Tarija, Bolivia"
32,69,Yacuiba,Bolivia,-22.0129441,-63.6774406,"Yacuiba, Tarija, Bolivia"
33,70,Zona Norte De Santa Cruz,Bolivia,-17.750428,-63.18790697531949,"Zona 4x4, Avenida Antonio Vaca Diez, 3212, Avenida Antonio Vaca Diez, Municipio Santa Cruz de la Sierra, Santa Cruz, Bolivia"
34,78,Brazil,Brazil,-10.3333333,-53.2,"Brazil, Brazil"
35,79,Campo Largo - Pr,Brazil,-10.3926525,-41.4194351,"Campo Largo, Bahia, Brazil"
36,97,Honghe,China,23.234737,102.301136,"Honghe County, Yunnan, China"
37,101,Mian Yang,China,33.1051332,106.686846,"Yangjia River, 723000, Mian, Shaanxi, China"
38,109,Aguas Blancas,Colombia,6.9003599,-75.7235025,"Aguas Blancas., Antioquia, Colombia"
39,110,Aguas Claras,Colombia,3.6304011,-73.8070253,"Aguas Claras, Meta, Colombia"
40,111,Andremoni,Colombia,2.8894434,-73.783892,"Colombia, Colombia"
41,112,Arborates,Colombia,2.8894434,-73.783892,"Colombia, Colombia"
42,114,"Atuncela, Dagua",Colombia,3.65186675,-76.72289271511232,"Dagua, Valle del Cauca, Colombia"
43,115,Bucaramanga,Colombia,7.1114611,-73.1172869,"Bucaramanga, Santander, Colombia"
44,116,"Bucaramanga, Pinchote",Colombia,7.1114611,-73.1172869,"Bucaramanga, Santander, Colombia"
45,118,"Buga, Media Canoa",Colombia,3.8922119,-76.368673,"Vía Mediacanoa - Buga, Yotoco, Valle del Cauca, Colombia"
46,119,Caicedonia,Colombia,4.3080642000000005,-75.83980499303324,"Caicedonia, Valle del Cauca, Colombia"
47,120,Caldono,Colombia,2.796326,-76.4836526,"Caldono, Cauca, Colombia"
48,122,"Campo Alegre, Huila",Colombia,2.663056,-75.34,"Campo Alegre Airport, Huila, Colombia"
49,123,Ca╤a Flecha,Colombia,8.7241403,-75.6877463,"Arroyo Negro, Caserío Flecha, Córdoba, Colombia"
50,124,Carmen De Bolivar,Colombia,9.7178623,-75.1238318,"El Carmen de Bolívar, Bolívar, Colombia"
51,125,"Cerete, Cordoba",Colombia,8.8884178,-75.84239456572658,"Cereté, Córdoba, Colombia"
52,126,Cerrito,Colombia,6.8435992,-72.6939627,"Cerrito, Santander, Colombia"
53,127,Cienega De Oro,Colombia,9.1108885,-72.8089164,"Río de Oro, Norte de Santander, Colombia"
54,128,Ciudad Bolivar,Colombia,5.8500342,-76.0208666,"Ciudad Bolívar, Antioquia, Colombia"
55,129,Colombia,Colombia,2.8894434,-73.783892,"Colombia, Colombia"
56,130,Cordoba,Colombia,8.3344713,-75.6666238,"Córdoba, Colombia"
57,131,Corozal,Colombia,4.3988856,-75.9180591,"Corozal, Valle del Cauca, Colombia"
58,132,"Darien, Valle Del Cauca",Colombia,3.9318186,-76.4842408,"Darién, Valle del Cauca, Colombia"
59,133,Duitama,Colombia,5.8277055,-73.0338939,"Duitama, 150461, Boyacá, Colombia"
60,135,"El Espinal, Tolima",Colombia,3.6461987,-75.3992722,"Mesetas De El Espinal, 73168, Tolima, Colombia"
61,136,El Libano,Colombia,4.9157501,-75.0618177,"El Líbano, Tolima, Colombia"
62,137,El Naranjal,Colombia,2.9142726,-76.5053277,"El Naranjal, Cauca, Colombia"
63,138,El Rosario,Colombia,5.0330087,-75.5690318,"El Rosario, 176002, Caldas, Colombia"
64,139,"El Tambo, Valle Del Cauca",Colombia,3.7638803,-76.4861177,"El Tambor, Resguardo Indigena Gausirumos, Valle del Cauca, Colombia"
65,140,El Tomate,Colombia,8.4554247,-76.3655876,"El Tomate, 054, Antioquia, Colombia"
66,141,"Fuente De Oro, Granda",Colombia,3.4620439,-73.6174132,"Fuente de Oro, Meta, Colombia"
67,142,"Garzon, Huila",Colombia,2.1625835,-75.55514449355248,"Garzón, 414020, Huila, Colombia"
68,143,Granada,Colombia,6.1442998,-75.1844057,"Granada, Antioquia, Colombia"
69,144,Guadalajara De Buga,Colombia,3.8884715,-76.2593652,"Rio Guadalajara, 042, Valle del Cauca, Colombia"
70,145,"Independencia, Caldono",Colombia,2.796326,-76.4836526,"Caldono, Cauca, Colombia"
71,146,"La Catalina, Pereira",Colombia,4.8023263,-75.6964439,"Carrera 21 bis, 576, Bostón, Risaralda, Colombia"
72,147,"La Cubillera, Granada",Colombia,2.2768381,-74.9559382,"Rio La Granada, 182010, Caquetá, Colombia"
73,148,La Palomera,Colombia,2.9537984,-76.4195252,"La Palomera, Cauca, Colombia"
74,149,"La Trocha 12, Granda",Colombia,2.2551161,-76.90841105000001,"12, 12, Puerta Grande, Cauca, Colombia"
75,151,"La Union, Corcega",Colombia,4.5366453,-76.06681,"Corcega, Valle del Cauca, Colombia"
76,152,"Lejania, Granada",Colombia,2.7688153,-75.649768,"Lejania, Huila, Colombia"
77,153,Matazul,Colombia,2.8894434,-73.783892,"Colombia, Colombia"
78,154,Menegua,Colombia,4.0919294,-72.8149621,"Menegua, Meta, Colombia"
79,155,"Mondomo, Santander",Colombia,2.8606688,-76.5123296,"Rio Mondomo, El Arbolito, Cauca, Colombia"
80,157,"Neiva, Huila",Colombia,3.0332673000000003,-75.27944239597832,"Neiva, Huila, Colombia"
81,158,"Obando, Molina",Colombia,4.6220602,-76.0282284,"MOLINA, Valle del Cauca, Colombia"
82,160,"Paraguaicito, Armenia",Colombia,4.4923898,-75.73960166465673,"Armenia, Quindío, Colombia"
83,161,Pelaya-cesar (aguachica),Colombia,8.24811845,-73.62140380560058,"Aguachica, Cesar, Colombia"
84,162,Pereira,Colombia,4.8142912,-75.6946451,"Pereira, 660002, Risaralda, Colombia"
85,163,Piendamo,Colombia,2.735773,-76.5534967167817,"Piendamó, Cauca, Colombia"
86,164,Procampo,Colombia,2.8894434,-73.783892,"Colombia, Colombia"
87,165,Puerto Lopez,Colombia,7.7933241,-75.8401892,"Puerto Lopez, Córdoba, Colombia"
88,166,Puerto Lopez (2),Colombia,6.4902145,-74.3997197,"Carrera 2, 00000, Puerto Berrío, Antioquia, Colombia"
89,167,"Quindio, Montenegro",Colombia,4.5664176,-75.7507081,"Montenegro, Quindío, Colombia"
90,168,"Rivera, Huila",Colombia,2.7779482,-75.2582697,"Rivera, Huila, Colombia"
91,169,Roldanillo,Colombia,4.4440112,-76.16639092634387,"Roldanillo, Valle del Cauca, Colombia"
92,170,"Sabana De Torres, Santander",Colombia,7.3939416,-73.4998859,"Sabana de Torres, Santander, Colombia"
93,171,Sahagu,Colombia,8.9103343,-75.4817766,"Loma Grande, Córdoba, Colombia"
94,172,San Antonio,Colombia,7.7017427,-75.6206362,"San Antonio, Córdoba, Colombia"
95,173,San Barreto,Colombia,12.38051665,-81.6140750764522,"Archipiélago de San Andrés, Providencia y Santa Catalina (Colombia), Colombia"
96,174,"San Francisco, Sandona",Colombia,1.2991853500000001,-77.47593481408893,"Sandoná, Nariño, Colombia"
97,175,"San Ignacio, Granada",Colombia,4.6316367,-73.0282731,"San Ignacio, Meta, Colombia"
98,176,San Pedro De Uraba,Colombia,8.33372075,-76.34080137233052,"San Pedro de Urabá, 054, Antioquia, Colombia"
99,177,San Pelayo,Colombia,8.9572178,-75.8374769,"San Pelayo, Córdoba, Colombia"
100,178,"San Rafael, Consaca",Colombia,1.1638005,-77.4519397,"San Rafael, Nariño, Colombia"
101,179,"Sandona, Narino, Fidar",Colombia,1.2991853500000001,-77.47593481408893,"Sandoná, Nariño, Colombia"
102,180,Santa Helena,Colombia,5.1187993,-75.1714513,"Santa Helena, Tolima, Colombia"
103,181,Santa Lucia,Colombia,6.0537421,-75.9961388,"Santa Lucía, Las Andes, Antioquia, Colombia"
104,182,Santander De Quilichao,Colombia,2.99828845,-76.51019933487012,"Santander de Quilichao, Cauca, Colombia"
105,183,Segovia,Colombia,7.2775945,-74.62085391976942,"Segovia, Antioquia, Colombia"
106,184,Semivalle,Colombia,2.8894434,-73.783892,"Colombia, Colombia"
107,185,Sincelejo,Colombia,9.315429349999999,-75.43298059079754,"Sincelejo, 70001, Sucre, Colombia"
108,186,Taluma,Colombia,2.8894434,-73.783892,"Colombia, Colombia"
109,187,Tierra Alta,Colombia,8.3119698,-75.4425907,"Tierra Alta, Córdoba, Colombia"
110,188,Tulenapa,Colombia,2.8894434,-73.783892,"Colombia, Colombia"
111,189,Tunja,Colombia,5.5158168,-73.37773195372108,"Tunja, Boyacá, Colombia"
112,192,Turipana (3),Colombia,2.9405994,-75.25635620782482,"Turipaná, Comuna Oriente, Huila, Colombia"
113,193,Turipana (4),Colombia,2.9402105,-75.2568126,"Carrera 43B, Comuna Oriente, Huila, Colombia"
114,194,Valle De Magdalena,Colombia,10.717347,-73.6220434,"Valle de Mamancanaca, Magdalena, Colombia"
115,195,Valle De Magdalena (2),Colombia,10.717347,-73.6220434,"Valle de Mamancanaca, Magdalena, Colombia"
116,196,Valle De Magdalena (3),Colombia,10.717347,-73.6220434,"Valle de Mamancanaca, Magdalena, Colombia"
117,197,Valle De Magdalena (4),Colombia,3.5378217,-76.2976028,"Flota Magdalena S.A., Calle 42, 763531, Calle 42, Palmira, Valle del Cauca, Colombia"
118,198,Valle Del Cauca,Colombia,4.063969999999999,-76.12337981939545,"Valle del Cauca, Colombia"
119,199,Venecia,Colombia,5.9458914,-75.77586492822118,"Venecia, Antioquia, Colombia"
120,200,Villavicencio,Colombia,4.1315113,-73.6206667,"Villavicencio, 500005, Villavicencio, Meta, Colombia"
121,201,Villavo,Colombia,4.5066393,-74.1129318,"Salida para Villavo en Yomasa, Autopista al Llano Calle 71 Sur, 110541, Autopista al Llano Calle 71 Sur, Usme, Bogota Capital District, Colombia"
122,202,Yotoco-valle Del Cauca,Colombia,3.89766105,-76.387873049896,"Yotoco, Valle del Cauca, Colombia"
123,203,Congo,Congo,-0.7264327,15.6419155,"Congo-Brazzaville, Republic of the Congo"
124,205,Tshibati,Congo,-0.7264327,15.6419155,"Congo-Brazzaville, Republic of the Congo"
125,229,Ecuador,Ecuador,-1.3397668,-79.3666965,"Ecuador, Ecuador"
126,231,La Virginia Quevedo,Ecuador,-1.0465244,-79.4895278,"La Virginia, 120305, Los Ríos, Ecuador"
127,232,Lodana,Ecuador,-1.1786654,-80.384962,"Lodana, Manabí, Ecuador"
128,234,Organos,Ecuador,-1.3397668,-79.3666965,"Ecuador, Ecuador"
129,236,Pindal,Ecuador,-4.10051445,-80.13880820830161,"Cantón Pindal, Loja, Ecuador"
130,240,Giza,Egypt,30.0170059,31.2134513,"Giza, 12541, Giza Governorate, Egypt"
131,284,Haramaya,Ethiopia,9.41467595,42.03515001516861,"Haramaya University, Didimtu, Harari Region, Ethiopia"
132,296,Ws,Ethiopia,10.2116702,38.6521203,"Ethiopia, Ethiopia"
133,298,Dobuleni Research Station,Fiji,-16.7056525,-179.9082564,"Mua Research Station, West Coast Road, West Coast Road, Matei, Northern, Fiji"
134,299,Koronnia Research Station,Fiji,-16.7056525,-179.9082564,"Mua Research Station, West Coast Road, West Coast Road, Matei, Northern, Fiji"
135,300,Legalega Research Station,Fiji,-16.7056525,-179.9082564,"Mua Research Station, West Coast Road, West Coast Road, Matei, Northern, Fiji"
136,301,Sigatoka Research Station,Fiji,-16.7056525,-179.9082564,"Mua Research Station, West Coast Road, West Coast Road, Matei, Northern, Fiji"
137,302,Tserovani,Georgia,41.894183,44.6744183,"Tserovani, Mtskheta-Mtianeti, Georgia"
138,313,"Caballo Blanco, Retalhuleu",Guatemala,14.485095699999999,-91.65043931764578,"Casa Blanca, Retalhuleu, Guatemala"
139,316,"El Ovejero, Jutiapa",Guatemala,14.4393269,-89.8680008,"El Ovejero, Jutiapa, Guatemala"
140,317,Estanzuela,Guatemala,14.9788616,-89.60987405581477,"Estanzuela, Zacapa, Guatemala"
141,319,Guatemala,Guatemala,15.6356088,-89.8988087,"Guatemala, Guatemala"
142,322,La Flecha,Guatemala,17.2708286,-90.8744237,"Río San Pedro (Guatemala-México), Petén, Guatemala"
143,323,La Maquina,Guatemala,14.30496535,-91.56539103867601,"Parque San José La Máquina, Suchitepéquez, Guatemala"
144,326,"La Maquina, Tulate",Guatemala,14.2371945,-91.6748598,"Centro 2 La Máquina, Tulate, Retalhuleu, Guatemala"
145,327,Las Monjas,Guatemala,14.51342945,-89.8990143228134,"Monjas, Jalapa, Guatemala"
146,329,"Monjas, Jalapa",Guatemala,14.51342945,-89.8990143228134,"Monjas, Jalapa, Guatemala"
147,330,Nueva Concepcion,Guatemala,14.126215349999999,-91.29472825431031,"Nueva Concepción, Escuintla, Guatemala"
148,331,"Ovejero, Jutiapa",Guatemala,14.4393269,-89.8680008,"El Ovejero, Jutiapa, Guatemala"
149,332,"Quesada, Jutiapa",Guatemala,14.2853523,-90.03049884223813,"Quesada, Jutiapa, Guatemala"
150,333,Salam B. V.,Guatemala,15.0446519,-90.32065034806926,"Salamá, Baja Verapaz, Guatemala"
151,334,San Jos╔ Pinula,Guatemala,14.55343475,-90.34585630827843,"San José Pinula, Guatemala, Guatemala"
152,335,"San Pedro Pinula, Jalapa",Guatemala,14.7148894,-89.83911116760636,"San Pedro Pinula, Jalapa, Guatemala"
153,336,Sto Domingo,Guatemala,14.2812826,-91.49676486660707,"Santo Domingo Suchitepéquez, Suchitepéquez, Guatemala"
154,339,Zacapa,Guatemala,14.96919145,-89.44919255064195,"Zacapa, Zacapa, Guatemala"
155,341,Chantilly,Haiti,19.1399952,-72.3570972,"Haiti, Haiti"
156,346,"Candelaria, Lempira",Honduras,15.172222600000001,-83.94367098441666,"Puerto Lempira, Gracias a Dios, Honduras"
157,347,"Catacamas, Olancho",Honduras,14.8484732,-85.894113,"Catacamas, Olancho, Honduras"
158,349,"Comayagua, E.e. Playitas",Honduras,14.3188383,-87.5135833,"El Coyolito, Comayagua, Comayagua, Honduras"
159,352,"El Pital, Atlantida",Honduras,14.3846736,-89.1293056,"Cerro El Pital, Nueva Ocotepeque, Ocotepeque, Honduras"
160,354,"Jutiquile, Olancho",Honduras,14.7432601,-86.0952627,"Jutiquile, Olancho, Honduras"
161,357,Litoral Atlantico,Honduras,15.771626399999999,-87.46722434647117,"Escuela Normal Mixta Del Litoral Atlantico, Puerto Arturo, Atlántida, Honduras"
162,358,"Luquigue Yorito, Yoro",Honduras,15.0654325,-87.2820675,"Yorito, Yoro, Honduras"
163,360,"Obraje, Danli",Honduras,14.0332817,-86.5686813,"Danli, El Paraíso, Honduras"
164,363,Playita,Honduras,13.641861,-87.3636421,"Las Playitas, Choluteca, Honduras"
165,364,"Potrerillos, Olancho",Honduras,14.5958328,-86.1500015,"Desvio Potrerillos Airport, Juticalpa, Olancho, Honduras"
166,366,"San Lucas, El Paraiso",Honduras,15.7776096,-87.4810315,"Barrio El Paraiso, Aldea de San Juan, Atlántida, Honduras"
167,367,"San Pedro De Catacamas, Olancho",Honduras,14.7511235,-86.0574774,"Carretera Hacia Catacamas, Santa Maria del Real, Olancho, Honduras"
168,369,"Yoro, El Pate",Honduras,15.3067118,-87.6991901,"El Negrito, Yoro, Honduras"
169,370,"Yoro, Morazan",Honduras,15.3202182,-87.598286,"Morazan, Yoro, Honduras"
170,373,Amberpet,India,17.7776835,78.5705066,"Amberpet, Telangana, India"
171,385,"Belipar, Gorakhpur, U.p.",India,26.7600217,83.3668129,"Gorakhpur, Uttar Pradesh, India"
172,386,Bihar,India,25.6440845,85.906508,"Bihar, India"
173,392,Dholi (2),India,28.3513155,76.1198738,"Dholi, 123029, Haryana, India"
174,394,Dohad,India,22.3511148,78.6677428,"India, India"
175,396,Godhsa Gaujasat,India,22.7785001,73.6245157,"Godhra, 389001, Gujarat, India"
176,398,India,India,22.3511148,78.6677428,"India, India"
177,407,Khadbrabhra,India,22.3511148,78.6677428,"India, India"
178,408,Khedbrahma,India,24.0310797,73.0484074,"Khedbrahma, 383255, Gujarat, India"
179,413,Muzafferpur,India,22.3511148,78.6677428,"India, India"
180,414,New Delhi,India,28.6141793,77.2022662,"New Delhi, Delhi, India"
181,418,Pantnagar (2),India,29.0264162,79.4859989,"Pantnagar, 263145, Uttarakhand, India"
182,419,Parbhani,India,19.262469,76.7718,"Parbhani, 431400, Maharashtra, India"
183,420,Poonch,India,25.8241798,79.0444959,"Poonch, Uttar Pradesh, India"
184,421,Prabhakar Reddy,India,17.4202917,78.42046362794693,"Kasu Brahmananda Reddy Park, KBR Park Peripheral Jogging Track, 500034, KBR Park Peripheral Jogging Track, Greater Hyderabad Municipal Corporation, Telangana, India"
185,422,Probhakor,India,22.3511148,78.6677428,"India, India"
186,424,Pusa,India,28.63629965,77.15764441079895,"Pusa, Delhi, India"
187,425,R&d (pachora).,India,28.6128924,77.2294312,"India Gate, Rajpath, 020626, Rajpath, New Delhi, Delhi, India"
188,426,R&d (wadadhe).,India,28.6128924,77.2294312,"India Gate, Rajpath, 020626, Rajpath, New Delhi, Delhi, India"
189,428,Ranchi,India,23.3700354,85.3250132,"Ranchi, 834001, Jharkhand, India"
190,429,Rau Pusa (bihar),India,25.3851063,86.46769912015446,"Bihar School of Yoga, 811201, Munger, Bihar, India"
191,430,Rayalkole,India,22.3511148,78.6677428,"India, India"
192,431,Samastipur,India,25.75,85.916667,"Samastīpur, Bihar, India"
193,434,"Srinagar, K.d. Research Station",India,13.69846395,75.2334723654391,"Horticulture Research Station, 577432, Surani, Karnataka, India"
194,441,Gowa S. Sulawesi,Indonesia,3.5490959,125.5386701,"Gowa, North Sulawesi, Indonesia"
195,442,Hulu Sungai Selatan,Indonesia,-2.4684359,115.213926,"Sungai Pandan Hulu, South Kalimantan, Indonesia"
196,443,Jambegede,Indonesia,-4.7993356,114.5632032,"Indonesia, Indonesia"
197,447,Naibonat,Indonesia,-4.7993356,114.5632032,"Indonesia, Indonesia"
198,448,"Natar, Lampung",Indonesia,-5.3188238,105.192809,"Natar, Lampung, Indonesia"
199,449,Probolinggo,Indonesia,-7.7441461,113.2158401,"Probolinggo, 67214, East Java, Indonesia"
200,450,"Takalar, South Sulawesi",Indonesia,-5.424416,119.4402163,"BRI Cabang Takalar, 01, jl. ince husain, 92261, jl. ince husain, Kalabbirang, South Sulawesi, Indonesia"
201,451,Yogyakarta,Indonesia,-7.8011945,110.364917,"Yogyakarta, 55122, Special Region of Yogyakarta, Indonesia"
202,454,Ai - Latifyia,Iraq,32.550943,45.597238,"AI Malgayah, Wasit, Iraq"
203,457,Tuwaitha Baghdad,Iraq,33.20876715,44.514783343618504,"Tuwaitha Nuclear Research Center, 10001, Baghdad, Baghdad, Iraq"
204,460,Baobab,Kenya,-4.0165731,39.7258892,"Baobab Road, 80101, Mombasa, Mombasa, Kenya"
205,474,K.t.i,Kenya,3.7326248499999997,34.8413908775106,"Kakuma I, Kakuma, Turkana, Kenya"
206,477,Kari - Embu,Kenya,-0.5359626500000001,37.66530196902043,"Embu County, Kenya"
207,478,Karurina,Kenya,1.4419683,38.4313975,"Kenya, Kenya"
208,503,Tanseed,Kenya,1.4419683,38.4313975,"Kenya, Kenya"
209,505,Wanbugu,Kenya,1.4419683,38.4313975,"Kenya, Kenya"
210,507,Western Seeds,Kenya,0.5090396,34.5731341,"Western, Kenya"
211,509,Lesotho,Lesotho,-29.6039267,28.3350193,"Lesotho, Lesotho"
212,519,Baka Research Station,Malawi,-13.680208050000001,34.25890878313515,"Chitala Agricultural Research Station, Mphunga, Salima, Malawi"
213,529,Mphimbi,Malawi,-13.2687204,33.9301963,"Malawi, Malawi"
214,531,Not Identified,Malawi,-16.5043189,34.892303763072434,"Not known yet, Nsangwe, Chikwawa, Malawi"
215,536,Katibougou,Mali,12.5017753,-8.0920452,"Katibougou, Koulikoro, Mali"
216,537,Kolombada,Mali,12.69305,-7.0090667,"KOLOMBADA, Koulikoro, Mali"
217,540,"Acatic, Jalisco",Mexico,20.76878345,-102.92039700254298,"Acatic, Jalisco, Mexico"
218,541,"Acayucan, Veracruz",Mexico,18.0281048,-95.03593818139205,"Acayucan, 96000, Veracruz, Mexico"
219,543,Agua Fria,Mexico,20.53396,-97.623345,"Agua Fría, Puebla, Mexico"
220,551,"Apaseo El Guadalupe, Guanajuato",Mexico,20.5563477,-100.6388368,"Guadalupe del Monte, 38160, Guanajuato, Mexico"
221,552,Atlacomulco,Mexico,19.81591915,-99.86811932469178,"Atlacomulco, Mexico, Mexico"
222,553,"Axochio, San Andres Tuxtla, Veracruz",Mexico,18.3714731,-95.2992855,"Axochio, 95730, Veracruz, Mexico"
223,554,"Buenavista Penjamo, Guanajuato",Mexico,20.4313763,-101.7241184,"Pénjamo, Guanajuato, Mexico"
224,559,Cardel,Mexico,17.444722,-94.221389,"José Cardel, 96700, Veracruz, Mexico"
225,563,"Champoton, Campeche",Mexico,19.12975965,-90.45225444832099,"Champotón, Campeche, Mexico"
226,566,Chiapas,Mexico,16.5000001,-92.5000001,"Chiapas, Mexico"
227,567,Chorrerones,Mexico,22.5000485,-100.0000375,"Mexico, Mexico"
228,574,Colonia Del Turen,Mexico,20.949722,-97.458889,"Colonia México Lindo, 92770, Veracruz, Mexico"
229,575,Coquimatlan,Mexico,19.1759779,-103.92391335718723,"Coquimatlán, Colima, Mexico"
230,576,"Corralejo De Hidalgo, Guanajuato",Mexico,21.1693183,-100.9366005,"Corralejo, 37800, Colonia Padre Hidalgo, Guanajuato, Mexico"
231,577,Cotaxla,Mexico,22.5000485,-100.0000375,"Mexico, Mexico"
232,579,"Coyoltepec, San Andres Tuxtla, Veracruz",Mexico,18.338333,-95.308889,"Coyoltepec, 95730, Veracruz, Mexico"
233,589,"Edzna, Campeche",Mexico,19.5976011,-90.231118911752,"Zona Arqueológica de Edzná, Ramal a Edzná, Ramal a Edzná, Noyaxché, Campeche, Mexico"
234,590,Ejido 1ro De Mayo,Mexico,18.657144,-91.8233753,"COL. 1ro DE MAYO, 24100, Campeche, Mexico"
235,596,"El Zapote, Tonatico",Mexico,20.1974325,-97.5439497,"El Zapote, Veracruz, Mexico"
236,599,"Guadalajara, Jalisco",Mexico,20.676143,-103.3469982,"Guadalajara, 44100, Jalisco, Mexico"
237,605,"Huejutla De Reyes, Hidalgo",Mexico,21.14338025,-98.3883786710258,"Huejutla de Reyes, 43000, Hidalgo, Mexico"
238,606,Huimanguillo,Mexico,17.7620967,-93.66344080511583,"Huimanguillo, Tabasco, Mexico"
239,607,"Ignacio De La Llave, Veracruz",Mexico,19.333333,-96.666667,"Veracruz, Mexico"
240,610,"Isla, Veracruz",Mexico,18.12289035,-95.58427533680396,"Isla, Veracruz, Mexico"
241,613,"Jalisco, Jalisco",Mexico,20.3333331,-103.6666671,"Jalisco, Mexico"
242,615,Jerico Chiapas,Mexico,15.5405542,-93.0162318,"Miguel Alemán Valdez (Jericó), Chiapas, Mexico"
243,616,Jesus Maria,Mexico,20.64794705,-102.10757376228773,"Jesús María, Jalisco, Mexico"
244,620,"La Barca, Jalisco",Mexico,20.35720795,-102.50327003201096,"La Barca, Jalisco, Mexico"
245,621,"La Cantera, Comonfort, Guanajuato",Mexico,21.146273,-101.0027656,"La Cantera, Guanajuato, Mexico"
246,622,"La Cruz De Elota, Sinaloa",Mexico,23.9251224,-106.8992029,"Mar de la Plata, 82773, La Cruz, Sinaloa, Mexico"
247,626,"La Torrecilla, Tlalixcoyan, Veracruz",Mexico,18.728889,-96.143333,"Torrecillas, Veracruz, Mexico"
248,631,Mata De Agua,Mexico,19.028889,-96.502222,"Mata de Agua, 94235, Veracruz, Mexico"
249,636,Nayarit,Mexico,22.0000001,-105.0000001,"Nayarit, Mexico"
250,641,"Ocuituco, Morelos",Mexico,18.879111899999998,-98.7772832902208,"Ocuituco, Morelos, Mexico"
251,642,"Ojo De Agua, Santiago Tuxtla, Veracruz",Mexico,18.3725,-95.369722,"Ojo de Agua, Veracruz, Mexico"
252,643,"Ojo De Agua, Tonatico",Mexico,18.7432956,-99.6127579,"Ojo de Agua, 39230.0, Mexico, Mexico"
253,647,"Penjamo, Guanajuato",Mexico,20.4313763,-101.7241184,"Pénjamo, Guanajuato, Mexico"
254,655,"Quila, Sinaloa",Mexico,24.4244306,-107.2201796,"Quilá, Sinaloa, Mexico"
255,657,"Rincon De Parangueo, Guanajuato",Mexico,20.4205322,-101.2537744,"Rincon de Parangueo, 38400, Guanajuato, Mexico"
256,661,San Andres Tuxtla,Mexico,18.4633672,-95.19831533920046,"San Andrés Tuxtla, 95730, Veracruz, Mexico"
257,666,San Juan De Abajo,Mexico,20.8516734,-100.7785417,"Don Juan Xido de Abajo, Guanajuato, Mexico"
258,670,"San Miguel Allende, Guanajuato",Mexico,20.9139025,-100.744012,"San Miguel de Allende, Guanajuato, Mexico"
259,672,"San Pedro Lagunillas, Nayarit",Mexico,21.16698955,-104.71791325047576,"San Pedro Lagunillas, Nayarit, Mexico"
260,679,"Tamarindos, Veracruz",Mexico,19.043398850000003,-96.49325380452741,"EcoClub Tamarindos, S/N, 94235, Mata de Agua, Veracruz, Mexico"
261,680,Tamaulipas,Mexico,23.9891553,-98.7026825,"Tamaulipas, Mexico"
262,683,"Tepalcingo, Morelos",Mexico,18.56943655,-98.9080883044239,"Tepalcingo, Morelos, Mexico"
263,685,Tlacomulco,Mexico,20.046667,-98.318889,"Tlacomulco, 43740, Hidalgo, Mexico"
264,689,Tlalixcoyan,Mexico,18.773168499999997,-96.20588646956678,"Tlalixcoyan, Veracruz, Mexico"
265,690,Tlaltizapan,Mexico,18.7045227,-99.14191731588632,"Tlaltizapán de Zapata, Morelos, Mexico"
266,698,Uxmal,Mexico,20.35930815,-89.77124282998557,"Uxmal, Carretera Umán-Chencollí, Carretera Umán-Chencollí, San Isidro, Yucatán, Mexico"
267,699,"Valle De Bravo, Estado De Mexico",Mexico,19.1849101,-100.15126325880992,"Valle de Bravo, Mexico, Mexico"
268,700,Valle De Culiacan,Mexico,24.7547946,-107.4580466,"Valle de Culiacan, 80148, Culiacán, Sinaloa, Mexico"
269,702,"Valle Del Fuerte, Sinaloa",Mexico,25.6859255,-109.07865204412306,"Federal del Valle del Fuerte International Airport, E.C. (Los Mochis - Topolobampo) - Los Paredones, 81250, E.C. (Los Mochis - Topolobampo) - Los Paredones, Los Mochis, Sinaloa, Mexico"
270,705,Veracrucito,Mexico,18.851667,-97.796111,"Veracrucito, 75610, Puebla, Mexico"
271,708,"Villa Hidalgo, Nayarit",Mexico,21.7418519,-105.2303018,"Villa Hidalgo, Nayarit, Mexico"
272,709,"Villa Verde, Guanajuato",Mexico,20.5519216,-100.8345103,"Villa Verde, 38027, Celaya, Guanajuato, Mexico"
273,712,"Xalostoc, Morelos",Mexico,19.5389294,-99.0777325,"San Pedro Xalostoc, 55520, San Andrés de la Cañada, Mexico, Mexico"
274,713,"Xocoyucan, Tlaxcala",Mexico,19.307222,-98.372778,"San Diego Xocoyucan, 4475, Tlaxcala, Mexico"
275,717,Khemiszemamra,Morocco,31.1728192,-7.3366043,"Morocco, Morocco"
276,719,Angora,Mozambique,-19.302233,34.9144977,"Mozambique, Mozambique"
277,727,Mozambique,Mozambique,-19.302233,34.9144977,"Mozambique, Mozambique"
278,734,Semol,Mozambique,-19.302233,34.9144977,"Mozambique, Mozambique"
279,737,Ussudenga,Mozambique,-19.302233,34.9144977,"Mozambique, Mozambique"
280,738,Naung Mon,Myanmar,16.9786252,97.341379,"Naunggala, Mon, Myanmar"
281,739,Sea,Myanmar,22.6405969,97.2675367,"Waterfall (wet season only)(still a fun trek anyway), Hsipaw Township, Shan State, Myanmar"
282,740,Taryaw,Myanmar,17.1750495,95.9999652,"Myanmar, Myanmar"
283,741,Tatkan,Myanmar,17.1750495,95.9999652,"Myanmar, Myanmar"
284,742,Tatkone,Myanmar,20.1288844,96.2019535,"Tatkon Township, 15011, Naypyitaw, Myanmar"
285,747,Mitkomst Research Station,Namibia,-23.3421727,16.2250963,"Gamsberg Research Station, Khomas, Namibia"
286,749,Hardinath,Nepal,28.1083929,84.0917139,"Nepal, Nepal"
287,750,Kabre,Nepal,28.3634261,83.9751363,"Kabre, Western Development Region, Nepal"
288,752,Lumle,Nepal,28.2992518,83.8023028,"Lumle, Western Development Region, Nepal"
289,753,Pakhribas,Nepal,27.067448149999997,87.25030271671474,"Pakhribas, Eastern Development Region, Nepal"
290,755,Parwanipur,Nepal,27.113407950000003,85.73390863527482,"Parwanipur, 45800, Central Development Region, Nepal"
291,758,Campos Azules,Nicaragua,12.0120715,-83.7624301,"Campos Azules, Calle Cabezas, 81000, Calle Cabezas, Bluefields, South Atlantic Autonomous Region, Nicaragua"
292,759,"Campos Azules, Masatepe",Nicaragua,12.0120715,-83.7624301,"Campos Azules, Calle Cabezas, 81000, Calle Cabezas, Bluefields, South Atlantic Autonomous Region, Nicaragua"
293,760,Carazo,Nicaragua,11.6635659,-86.3090376,"Carazo, Nicaragua"
294,762,Chontales,Nicaragua,11.8915422,-85.1013926,"Chontales, Nicaragua"
295,763,"Chontales, Tamboral Sur",Nicaragua,12.0951184,-85.3609273,"13va Calle SurOeste, 55000, Juigalpa, Chontales, Nicaragua"
296,764,"Condega, Esteli",Nicaragua,13.2712685,-86.363163,"Estelí-Condega, 32100, Estelí, Nicaragua"
297,765,"El Areno, El Rama",Nicaragua,12.0131138,-84.543185,"Comarca El Areno, 82400, South Atlantic Autonomous Region, Nicaragua"
298,766,"El Jicaro, Nueva Segovia",Nicaragua,13.5701676,-86.0196906,"Río El Jícaro, 38700, Nueva Segovia, Nicaragua"
299,767,"El Pellizco, Chinandega",Nicaragua,12.8647263,-87.4757338,"El Calanchin, 26200, Chinandega, Nicaragua"
300,768,Jalapa,Nicaragua,13.9192848,-86.1250346,"Jalapa, 39200, Nueva Segovia, Nicaragua"
301,769,La Dal═a,Nicaragua,13.1673341,-85.6764429,"Via de acceso a Finca la fuente, 62700, Wasake, Matagalpa (Departemento), Nicaragua"
302,770,La Presa,Nicaragua,13.1341173,-86.0366264,"Presa, 65000, La Ermita, Jinotega (Departamento), Nicaragua"
303,771,"La Trinidad, Esteli",Nicaragua,12.9630934,-86.2679135,"Río La Trinidad, 32500, Estelí, Nicaragua"
304,772,Las Cruces Carazo,Nicaragua,12.6374994,-86.2714557,"Quebrada Las Cruces, 62800, Managua, Nicaragua"
305,773,"Las Piedras,nueva Segovia",Nicaragua,13.7235007,-86.482923,"Cerro Piedras Gordas, 38200, Nueva Segovia, Nicaragua"
306,774,Llano Redondo,Nicaragua,12.8064933,-86.0142436,"Potrero Redondo, 62200, Matagalpa (Departemento), Nicaragua"
307,776,Mazatepec,Nicaragua,12.3724928,-84.8700308,"Nicaragua, Nicaragua"
308,777,"Melchorita, San Carlos",Nicaragua,11.8137205,-86.4869739,"San Carlos, 16700, Managua, Nicaragua"
309,778,"Nindiri, Mazaya",Nicaragua,12.0538656,-86.1520352018148,"Nindirí (Municipio), 42200, Masaya, Nicaragua"
310,779,Paz De Carazo,Nicaragua,11.8226879,-86.1278901,"La Paz de Carazo, 46500, Carazo, Nicaragua"
311,780,Pueblo Nuevo,Nicaragua,13.3804064,-86.4383255,"Río Pueblo Nuevo, 32200, Estelí, Nicaragua"
312,781,San Bartolo,Nicaragua,13.5337539,-85.9261882,"San Bartolo, 38700, Nueva Segovia, Nicaragua"
313,782,"San Benito, Chinandega",Nicaragua,12.3089404,-86.0543097,"San Benito, 15100, Managua, Nicaragua"
314,784,"Santa Cruz, Esteli",Nicaragua,13.017159,-86.3113292,"Valle Santa Cruz, 35000, Estelí, Nicaragua"
315,785,"Santa Juana, Nindiri",Nicaragua,12.0342866,-86.237774,"Santa Juana, 10000 (CODIGO MAESTRO), Managua, Nicaragua"
316,787,Baganda,Nigeria,9.6000359,7.9999721,"Nigeria, Nigeria"
317,795,Saminaka Nig,Nigeria,10.4110334,8.669981111225605,"Saminaka, Kaduna, Nigeria"
318,796,Temti Jos,Nigeria,9.9175125,8.8979401,"Jos, 930214, Plateau, Nigeria"
319,800,"Ari, D,i. Kham",Pakistan,24.8265123,67.1014782,"Bayer Pakistan Head office, 75500, Karachi, Sindh, Pakistan"
320,806,Azuer,Panama,7.9656156,-80.43680914654468,"Hotel Azuero Plaza, Chitré, Provincia de Herrera, Panama"
321,814,Capitan Miranda,Paraguay,-27.2196484,-55.8011417,"Capitán Miranda, Itapúa, Paraguay"
322,817,San Juan Bautista,Paraguay,-26.6690511,-57.1457939,"San Juan Bautista, Misiones, Paraguay"
323,819,Yjhovy,Paraguay,-23.3165935,-58.1693445,"Paraguay, Paraguay"
324,820,Ascope,Peru,-7.6871281,-79.1720231,"Province of Ascope, Ascope, La Libertad, Peru"
325,821,Aucaloma,Peru,-6.8699697,-75.0458515,"Peru, Peru"
326,823,E.e. Pucallpa,Peru,-8.38665005,-74.55998706947082,"Embotelladora Pucallpa, 250105, Yarinacocha, Ucayali, Peru"
327,825,Huaral,Peru,-11.4954877,-77.2071394,"Huaral, Lima, Peru"
328,826,Humay - Pisco,Peru,-13.7225359,-75.8866165,"Humay, 11601, Ica, Peru"
329,828,Juan Guerra,Peru,-6.5832708,-76.3299295,"Juan Guerra, San Martín, Peru"
330,829,La Vi╤a-jayanca-lambayeque,Peru,-6.4036672,-79.8252381,"Vista Alegre, Ruta 1b, 14000, Ruta 1b, Jayanca, Lambayeque, Peru"
331,830,Lambayeque,Peru,-6.333333,-80.0,"Lambayeque, Peru"
332,831,Lima,Peru,-12.0621065,-77.0365256,"Lima, Lima, Peru"
333,832,Montupe 99,Peru,-6.2769016,-79.748424,"Río Motupe, 14000, Motupe, Lambayeque, Peru"
334,833,Muy Finca Mochumi Lambayeque,Peru,-6.612434,-79.8946013,"Institución Educativa 10138 Augusto Castillo Muro Sime, Motupe, 14000, Motupe, Mochumí, Lambayeque, Peru"
335,834,Pachacamac,Peru,-12.3019444,-76.9022222,"Pachacámac, 15842, Lurín, Lima, Peru"
336,835,Peru,Peru,-6.8699697,-75.0458515,"Peru, Peru"
337,836,Pucallpa,Peru,-8.3820737,-74.5387507,"Pucallpa, 250105, Ucayali, Peru"
338,837,"Pucallpa, San Fernando, Sa",Peru,-14.0908608,-72.4693601,"San Fernando, Apurímac, Peru"
339,838,Rioja,Peru,-6.0,-77.416667,"Province of Rioja, Nueva Cajamarca, San Martín, Peru"
340,839,"Rioja, San Fernando, Sa",Peru,-5.9029585,-77.2706361,"San Fernando, San Martín, Peru"
341,840,Victoria 99,Peru,-12.070200849999999,-77.0298013,"Primax, 999, Avenida Iquitos, LIMA 13, Avenida Iquitos, La Victoria, Lima, Peru"
342,841,Viru La Libertad,Peru,-8.4834983,-78.6713996,"Province of Virú, Chao, La Libertad, Peru"
343,842,Vista Florida,Peru,-4.8781674,-80.990203,"Vista Florida, 20701, Piura, Peru"
344,843,Vista Florida Chiclayo,Peru,-6.7631677,-79.8583674,"Vista Florida, 5174, Chiclayo, Lambayeque, Peru"
345,844,Vista Florida Chiclayo (2),Peru,-4.8781674,-80.990203,"Vista Florida, 20701, Piura, Peru"
346,845,Vista Florida Chiclayo (3),Peru,-6.7631677,-79.8583674,"Vista Florida, 5174, Chiclayo, Lambayeque, Peru"
347,846,Yurimagua,Peru,-5.8994825,-76.3906998,"Nuevo Yurimaguas, 16401, Loreto, Peru"
348,847,Baybay,Philippines,11.1912997,125.0218763,"Baybay, 6500, Leyte, Philippines"
349,850,Ipb Experiment Station,Philippines,9.78206895,118.737796789149,"Palawan Agricultural Experiment Station, 5300, Tagburos, Palawan, Philippines"
350,851,Kabacan,Philippines,7.1082671,124.8232975,"Kabacan, Cotabato, Philippines"
351,852,"Kabacan, Cotabato (2)",Philippines,7.1417611,125.0534924,"Kabacan Bridge 2, President Roxas, Cotabato, Philippines"
352,854,"San Felipe, Ilagan, Isabela.",Philippines,8.02297175,125.99278624466555,"Dalumpines, Felipe, NRJ Sta. Isabel-Tapaz Road, 8512, NRJ Sta. Isabel-Tapaz Road, Purok 1 Tapaz, Agusan del Sur, Philippines"
353,891,Shewula,Swaziland,-26.1415941,32.0397707,"Shewula Mountaincamp, Shwula-Mbuluzi trail, Shwula-Mbuluzi trail, Lubombo, Swaziland"
354,892,Swaziland,Swaziland,-26.2950105,31.1398305,"Diplomat Swaziland Lane, H100, Mbabane, Hhohho, Swaziland"
355,893,Deir Al Zoor,Syria,35.3333335,40.1499999,"Deir ez-Zor, Deir ez-Zor, Syria"
356,894,Raqqa,Syria,35.4782468,38.168005,"Salamiyah - Raqqa, Hama, Syria"
357,914,Mwanza - Region,Tanzania,-2.5180665,32.8973412,"Mwanza Regional Commissioner Office, Kenyatta Road, Kenyatta Road, Mwanza, Mwanza, Tanzania"
358,917,Nm,Tanzania,-10.7228821,38.816551,"NMB, Masasi, Mtwara, Tanzania"
359,920,Tanzania,Tanzania,-6.5247123,35.7878438,"Tanzania, Tanzania"
360,930,Sawankalok Sukhotha,Thailand,17.1446985,99.4375845,"Sukhothai Province, Thailand"
361,932,Tak Fa,Thailand,15.3525676,100.496798,"Tak Fa, Nakhon Sawan Province, Thailand"
362,938,Aydin,Turkey,37.8413007,27.8328374,"Aydin, 09010, Aydın, Turkey"
363,939,Anny Settl,Turkmenistan,38.0466859,58.033832652179576,"Aba Annaýew, Ahal, Turkmenistan"
364,940,Bulegeni,Uganda,1.2932763,34.2852388,"Bulegeni Secondary, Sironko Kapchorwa Road, Sironko Kapchorwa Road, Buyaga, Sironko, Uganda"
365,941,Bulengeni,Uganda,1.5333554,32.2166578,"Uganda, Uganda"
366,948,Msk,Uganda,1.5333554,32.2166578,"Uganda, Uganda"
367,953,Uganda,Uganda,1.5333554,32.2166578,"Uganda, Uganda"
368,963,"Agua Blanca, Portuguesa",Venezuela,9.661637,-69.1061456,"Agua Blanca, Portuguesa, Venezuela"
369,964,Aragua (ceniap),Venezuela,10.0,-67.166667,"Aragua, Venezuela"
370,965,Araure (acarigua),Venezuela,9.5578528,-69.2050846,"Acarigua, 3301, Portuguesa, Venezuela"
371,966,Araure (portuguesa),Venezuela,9.633333,-69.166667,"Distrito Araure, Portuguesa, Venezuela"
372,967,"Carretera O, Turen, Portuguesa",Venezuela,9.3939787,-69.3827452,"Carretera Nacional Guanare - San Carlos, Ospino, Portuguesa, Venezuela"
373,968,Centro Norte,Venezuela,10.2085867,-67.4563348,"Autopista: Regional del Centro, 2122, Cagua, Aragua, Venezuela"
374,970,"El Diamante, Yaritagua",Venezuela,10.0888314,-68.9824683,"El Diamante, 3203, Yaracuy, Venezuela"
375,971,El Playon,Venezuela,9.1002578,-69.0466659,"El Playón, Portuguesa, Venezuela"
376,972,El Socorro,Venezuela,8.81483315,-70.29279914306466,"Parroquia El Socorro, Barinas, Venezuela"
377,973,Guarico,Venezuela,8.666667,-66.583333,"Guárico, Venezuela"
378,974,La Lucia,Venezuela,9.6945614,-69.2505518,"La Lucía, Portuguesa, Venezuela"
379,975,Las Caramas,Venezuela,10.49013605,-66.89152825671934,"Universidad Central de Venezuela, Av. de las banderas, 1040, Av. de las banderas, Parroquia San Pedro, Capital District, Venezuela"
380,978,"Las Guacamayas, El Sombrero",Venezuela,9.1856636,-67.0326133,"El Flagelo Runway, Vía Las Guacamayas, 2312, Vía Las Guacamayas, Parroquia Sosa, Guárico, Venezuela"
381,979,"Los Guayos, Carabobo State",Venezuela,10.1892618,-67.9382941,"Los Guayos, 2001, Carabobo, Venezuela"
382,980,Manzanita,Venezuela,9.9609803,-68.9771823,"La Manzanita, Lara, Venezuela"
383,983,Punta Gorda,Venezuela,10.3219265,-71.4073978,"Punta Gorda, 4013, Zulia, Venezuela"
384,985,Santa Barbara,Venezuela,7.8382744,-71.2400749,"Santa Bárbara, Santa Bárbara de Barinas, Barinas, Venezuela"
385,986,Semillas Aragua,Venezuela,10.0,-67.166667,"Aragua, Venezuela"
386,987,Tocoron,Venezuela,10.0928914,-67.5840267,"Tocorón, Aragua, Venezuela"
387,988,"Tocoron, Estado Aragua",Venezuela,10.0928914,-67.5840267,"Tocorón, Aragua, Venezuela"
388,989,Tucupido,Venezuela,7.6856445,-71.5193507,"Tucupido, Parroquia Libertador, Táchira, Venezuela"
389,990,Turen,Venezuela,9.166667,-68.833333,"Distrito Turén, Portuguesa, Venezuela"
390,992,Venezuela,Venezuela,8.0018709,-66.1109318,"Venezuela, Venezuela"
391,993,"Villa De Cura, Aragua",Venezuela,10.035746,-67.486157,"Villa de Cura, 2126, Aragua, Venezuela"
392,995,Binh Chanh Dictrict - Ho Chi Minh City,Vietnam,10.6901149,106.5826774,"Bình Chánh District, 842, Ho Chi Minh City, Vietnam"
393,996,Binh Duong,Vietnam,11.1969829,106.7080527,"Binh Duong Province, Vietnam"
394,998,Dan Phuong Hatay,Vietnam,21.11962705,105.67846875670617,"Dan Phuong District, Hanoi, Vietnam"
395,999,Danphing Dist.,Vietnam,10.849306949999999,106.80205522668349,"Sonion Vietnam, Ho Chi Minh City, Vietnam"
396,1000,"Duc Hoa District, Long An Province",Vietnam,10.882814799999998,106.43380220306233,"Đức Hòa District, Long An province, Vietnam"
397,1001,Gorakhpur,Vietnam,13.2904027,108.4265113,"Vietnam, Vietnam"
398,1005,Tay Ninh Province,Vietnam,11.404629,106.0033909,"Tay Ninh province, Vietnam"
399,1011,Kutumani,Zambia,-14.5186239,27.5599164,"Zambia, Zambia"
400,1012,Lyempe,Zambia,-14.5186239,27.5599164,"Zambia, Zambia"
401,1013,Magobo,Zambia,-14.5186239,27.5599164,"Zambia, Zambia"
402,1023,Zambia,Zambia,-14.5186239,27.5599164,"Zambia, Zambia"
403,1029,"Cimmyt, Harare",Zimbabwe,-17.831773,31.045686,"Harare, 0000, Harare Province, Zimbabwe"
404,1030,Dedza,Zimbabwe,-18.4554963,29.7468414,"Zimbabwe, Zimbabwe"
405,1041,Pannar,Zimbabwe,-18.4554963,29.7468414,"Zimbabwe, Zimbabwe"
406,1042,Pioneer,Zimbabwe,-17.9365916,25.8347374,"Pioneer Road, 00236, Victoria Falls, Matabeleland North, Zimbabwe"
407,1043,Radoma,Zimbabwe,-18.4554963,29.7468414,"Zimbabwe, Zimbabwe"
408,1048,Zimbabwe,Zimbabwe,-18.4554963,29.7468414,"Zimbabwe, Zimbabwe"
409,1053,Gisozi,Burundi,-3.5659737,29.6825013,"Gisozi, Mwaro, Burundi"
410,1057,"Zacatepec, Morelos",Mexico,18.65059575,-99.20307754840212,"Zacatepec, Morelos, Mexico"
411,1058,Miacatlan,Mexico,18.765853,-99.3593994,"Miacatlan, 62630.0, Morelos, Mexico"
412,1059,Salandhar (punjab),India,30.9293211,75.5004841,"Punjab, India"
413,1075,Gondar,Ethiopia,4.9,43.08333,"El Gondar, Somali Region, Ethiopia"
414,1076,Quindio,Colombia,4.3435926,-75.7232898,"Quindío, Colombia"
415,1078,Kisama,Kenya,1.4419683,38.4313975,"Kenya, Kenya"
416,1079,Angecha,Ethiopia,10.2116702,38.6521203,"Ethiopia, Ethiopia"
417,1080,Ivumwe,Tanzania,-8.935421999999999,33.49393852657615,"Ivumwe Primary School, Soweto street - Mbeya, Mbeya, Tanzania"
418,1081,Mparambo,Burundi,-3.3634357,29.8870575,"Burundi, Burundi"
419,1082,Thika,Kenya,-1.036648,37.077523,"Thika, Kiambu County, Kenya"
420,1083,Matisi,Kenya,1.4419683,38.4313975,"Kenya, Kenya"
421,1084,Kutus,Kenya,-0.573059,37.32785,"Kutus, Kirinyaga County, Kenya"
422,1085,Kimaeti,Kenya,0.605,34.41,"Kimaeti, Bungoma, Kenya"
423,1086,Elgon Downs,Kenya,-1.3021085,36.8159039,"Elgon Road, 764, Nairobi, Nairobi, Kenya"
424,1087,Bumula,Kenya,1.4419683,38.4313975,"Kenya, Kenya"
425,1088,Bulindi,Uganda,1.476389,31.440556,"Bulindi, Hoima, Uganda"
426,1089,Bugiri,Uganda,0.52060155,33.77215775654412,"Bugiri, Uganda"
427,1090,Nyagatare,Rwanda,-1.298632,30.329535,"Nyagatare, East Province, Rwanda"
428,1091,Kagumo,Kenya,-0.4064921,37.0142017,"Kagumo High School, 10100, Chaka, Nyeri, Kenya"
429,1092,Screen House,Kenya,-0.43120795,34.2064672,"icipe screenhouses, icipe guest house road, icipe guest house road, Mbita, Homa Bay, Kenya"
430,1093,Chitedzi,Malawi,-13.93356,33.66009553625388,"Chitedzi Agricultural Research Station, P.BAG B525, Lilongwe, Lilongwe, Malawi"
431,1094,Kiteta,Kenya,-1.4999764,37.5174943,"Kiteta, Machakos, Kenya"
432,1095,Kyuu,Kenya,1.4419683,38.4313975,"Kenya, Kenya"
433,1096,Bingu,Malawi,-13.94380235,33.75318330526527,"Bingu Stadium, Kaunda Road, 492283, Kaunda Road, Lilongwe, Lilongwe, Malawi"
434,1097,Mpingu,Malawi,-13.2687204,33.9301963,"Malawi, Malawi"
435,1098,Pomela,Malawi,-13.2687204,33.9301963,"Malawi, Malawi"
436,1099,Pallisa,Uganda,1.2106561,33.759372605323406,"Pallisa, Uganda"
437,1100,"Rancho Guadalupe, Toluca",Mexico,28.2020701,-106.2336761,"Rancho Guadalupe, Chihuahua, Mexico"
438,1101,Mwea,Kenya,-0.7786437,37.5153156,"Mwea sub-location, Embu County, Kenya"
439,1102,Tlaxcala,Mexico,19.416667,-98.166667,"Tlaxcala, Mexico"
440,1103,Cochabamba,Bolivia,-17.3935853,-66.1569588,"Cochabamba, Cochabamba, Bolivia"
441,1104,Chuquipata,Ecuador,-2.7432269,-78.8418618,"Calle Chuquipata, 030201, Azogues, Cañar, Ecuador"
442,1108,Africa University,Zimbabwe,-18.89671215,32.6016041639447,"Africa University, Old Mutare, Manicaland, Zimbabwe"
443,1109,Francistown,Botswana,-21.16636,27.502515,"Francistown, North-East District, Botswana"
444,1110,Kipopo,Congo,-4.96834,17.8331,"Kipopo, Kwilu, Democratic Republic of the Congo"
445,1111,Kisanga,Congo,-11.720744,27.397472385626152,"Kisanga, Haut-Katanga, Democratic Republic of the Congo"
446,1112,Kasinga,Congo,0.031729,29.209892,"Ecole primaire Kasinga, 256, Musienene, North Kivu, Democratic Republic of the Congo"
447,1113,Kaniameshi,Congo,-0.7264327,15.6419155,"Congo-Brazzaville, Republic of the Congo"
448,1114,Kiniameshi,Congo,-0.7264327,15.6419155,"Congo-Brazzaville, Republic of the Congo"
449,1115,Tsali-tlama,Lesotho,-29.4848462,27.519636,"Tlametlu, Mafeteng, Lesotho"
450,1116,Siloe,Lesotho,-29.1443297,27.7406226,"Silos road, 200, Koro koro, Berea, Lesotho"
451,1117,Ntengo-nmodzi,Mozambique,-14.89400005,33.61511136317877,"Mártires de Ntengo wa Minga, Furancungo, Tete, Mozambique"
452,1119,Inhaloongo,Mozambique,-19.302233,34.9144977,"Mozambique, Mozambique"
453,1121,Rahad Res,Sudan,12.7124966,30.6285116,"Al Rahad Tourist Resort, Kosti-al-Ubayyid Road, Kosti-al-Ubayyid Road, Kosti, White Nile State, Sudan"
454,1122,Sari,Tanzania,-6.5247123,35.7878438,"Tanzania, Tanzania"
455,1123,Karatu,Tanzania,-3.52585185,35.44508522561772,"Karatu, 23601, Arusha, Tanzania"
456,1125,Palotaka,Sudan,14.5844444,29.4917691,"Sudan, Sudan"
457,1126,Yei,Sudan,4.0926733,30.6773928,"Yei, Central Equatoria, South Sudan"
458,1127,Ngetta,Uganda,2.2453884,32.8987714,"Ngetta Road, Central, Lira, Uganda"
459,1128,Patancheru,India,17.5286092,78.2674254,"Patancheru, 502319, Greater Hyderabad Municipal Corporation, Telangana, India"
460,1129,Kagio,Kenya,-0.6166,37.25,"Kagio, Kirinyaga County, Kenya"
461,1130,Maseno,Kenya,-0.007851799999999999,34.59989681631588,"Maseno, Kisumu, Kenya"
462,1132,Tecamac,Mexico,19.711716250000002,-98.97832693188553,"Tecámac, Mexico, Mexico"
463,1133,Pashad,Afghanistan,33.7680065,66.2385139,"Afghanistan, Afghanistan"
464,1134,"Finca Las Matas, Palo Negro",Venezuela,10.1536591,-67.5691923,"Estación de Servicio Las Matas, Carretera Palo Negro - Güigüe, 2117, Carretera Palo Negro - Güigüe, La Huérfana, Aragua, Venezuela"
465,1135,"Calpulalpan, Tlaxcala",Mexico,19.55201735,-98.61129267708826,"Calpulalpan, Tlaxcala, Mexico"
466,1136,"Nanacamilpa, Tlaxcala",Mexico,19.5080315,-98.54324076456274,"Nanacamilpa de Mariano Arista, Tlaxcala, Mexico"
467,1138,La Vizcaina,Colombia,6.7365719,-73.808934,"La Forfia, Vizcaina, Santander, Colombia"
468,1139,Edelira,Paraguay,-26.767587,-55.2780964,"Edelira Km. 20, Itapúa, Paraguay"
469,1140,Shendi,Sudan,16.67803365,34.23751047226567,"Shendi, River Nile State, Sudan"
470,1141,Shambat,Sudan,15.6676933,32.5330139652732,"Shambat, 11114, Khartoum, Khartoum State, Sudan"
471,1142,Santa Catalina,Ecuador,-2.9307508,-78.9611944,"Quebrada Santa Catalina, 010170, El Valle, Azuay, Ecuador"
472,1143,"Calimaya, Toluca",Mexico,19.297111,-99.668411,"Calimaya, 50040, Delegacion De San Mateo Oxtotitlan, Mexico, Mexico"
473,1144,"Arroyo, Almoloya De Juarez",Mexico,19.3259269,-99.9117235,"Arroyo Zarco, Mexico, Mexico"
474,1145,Villavicencio1,Colombia,2.8894434,-73.783892,"Colombia, Colombia"
475,1146,"Darien1, Valle Del Cauca",Colombia,4.063969999999999,-76.12337981939545,"Valle del Cauca, Colombia"
476,1147,"Darien2, Valle Del Cauca",Colombia,4.063969999999999,-76.12337981939545,"Valle del Cauca, Colombia"
477,1148,"Paraguaicito, Quindio",Colombia,4.3435926,-75.7232898,"Quindío, Colombia"
478,1149,"Villavicencio, La Libertad",Colombia,4.0594202,-73.4612829,"La Libertad, 500005, Villavicencio, Meta, Colombia"
479,1150,"Villavicencio, Universidad",Colombia,4.14614665,-73.64307289689945,"Universidad de los Llanos Sede San Antonio, Calle 37, 500001, Calle 37, Villavicencio, Meta, Colombia"
480,1151,Tumaco,Colombia,1.8077554,-78.7705977,"Tumaco, Nariño, Colombia"
481,1154,Ursulo Galvan,Mexico,19.4460638,-96.39799962655596,"Ursulo Galván, 91660, Veracruz, Mexico"
482,1155,Kabul,Afghanistan,34.5260131,69.1776476,"Kabul, 1001, Kabul, Afghanistan"
483,1160,La Catalina,Colombia,5.8104468,-74.9804958,"Q. La Catalina, Antioquia, Colombia"
484,1161,Paraguaicito,Colombia,2.8894434,-73.783892,"Colombia, Colombia"
485,1168,Kibray,Uzbekistan,41.3873284,69.4641139,"Kibray, 111200, Tashkent Region, Uzbekistan"
486,1169,Chisamba,Zambia,-14.979834,28.376099,"Chisamba, Central Province, Zambia"
487,1181,"Mungushi, Hai",Tanzania,-3.3039813000000002,37.13277822779557,"Mungushi Dispensary, 938, Boma Ng'ombe, Kilimanjaro, Tanzania"
488,1182,Bondo,Kenya,-0.0993654,34.2739935,"Bondo, Siaya, Kenya"
489,1183,Kakamega (monsanto),Kenya,0.4957104,34.801548861634615,"Kakamega, Kenya"
490,1185,Epdowns,Kenya,1.4419683,38.4313975,"Kenya, Kenya"
491,1186,Nai,Kenya,-1.3016977,36.769366486554645,"Kenya Rugby Football Union, 58911-00200, Nairobi, Nairobi, Kenya"
492,1187,Eas,Mozambique,-26.6927911,32.8867927,"Track east of flood plain, Ponta Malangane, Maputo, Mozambique"
493,1188,Ntengo-nwodzi,Mozambique,-14.89400005,33.61511136317877,"Mártires de Ntengo wa Minga, Furancungo, Tete, Mozambique"
494,1189,Pan,Mozambique,-21.3684368,34.8656745,"Pande, Inhambane, Mozambique"
495,1190,Agriseeds Farm,Zimbabwe,-16.8289189,30.9952956,"Mutengezi Farm, Mashonaland Central, Zimbabwe"
496,1191,Art Farm Harare,Zimbabwe,-17.9030085,31.136802257418765,"Bellapaise Farm, 0000, Harare, Harare Province, Zimbabwe"
497,1192,Chisumbanje,Zimbabwe,-20.8671718,32.23553776718916,"Chisumbanje Ethanol Plant, 102, Manicaland, Zimbabwe"
498,1193,Rattray-arnold,Zimbabwe,-20.2218044,28.5979287,"Arnold Way, Bulawayo, Bulawayo Province, Zimbabwe"
499,1194,Shamva,Zimbabwe,-17.1763039,31.631377461133482,"Shamva, Mashonaland Central, Zimbabwe"
500,1195,Afsf,Kenya,1.4419683,38.4313975,"Kenya, Kenya"
501,1196,Nacrri,Uganda,1.5333554,32.2166578,"Uganda, Uganda"
502,1199,Caña Flecha,Colombia,7.3743507,-74.8788184,"Río Caná, Antioquia, Colombia"
503,1203,San José Pinula,Guatemala,14.55343475,-90.34585630827843,"San José Pinula, Guatemala, Guatemala"
504,1204,La Dalía,Nicaragua,12.8640648,-87.4949795,"La Dalia, 26200, Chinandega, Nicaragua"
505,1205,La Viña-jayanca-lambayeque,Peru,-6.3922485,-79.822774,"Jayanca, 14000, Lambayeque, Peru"
506,1206,"El Vergel Municipio Navolato, Sin.",Mexico,24.716682,-107.7990497,"El Vergel, Sinaloa, Mexico"
507,1207,"Chapingo, Edo.mex",Mexico,19.486698,-98.909827,"Rio Chapingo, 56236, Mexico, Mexico"
508,1208,"Coatlinchan, Edo. Mex",Mexico,19.4505209,-98.8740641,"Coatlinchán, 56250, Mexico, Mexico"
509,1209,"Celaya,gto.",Mexico,20.52253925,-100.83073034202397,"Celaya, Guanajuato, Mexico"
510,1210,Tocorón-edo. Aragua,Venezuela,10.0928914,-67.5840267,"Tocorón, Aragua, Venezuela"
511,1211,"Guadalajara, Jal.",Mexico,20.676143,-103.3469982,"Guadalajara, 44100, Jalisco, Mexico"
512,1215,La Catalina-pereira,Colombia,4.8023263,-75.6964439,"Carrera 21 bis, 576, Bostón, Risaralda, Colombia"
513,1216,Guararé,Panama,7.7987372,-80.3499059,"Rio Guararé, Provincia de Los Santos, Panama"
514,1217,La Colorada,Panama,8.0163715,-80.9840861,"La Colorada, Provincia de Veraguas, Panama"
515,1218,Nuevo Ocu,Panama,8.4184813,-82.7277216,"Nuevo México, Provincia de Chiriquí, Panama"
516,1219,Peña Blanca,Panama,7.7189511,-80.2833921,"Peña Blanca, Provincia de Los Santos, Panama"
517,1220,Santo Domingo,Panama,8.5139574,-82.7170431,"Santo Domingo, Provincia de Chiriquí, Panama"
518,1221,"Santa Rosa, Managua",Nicaragua,11.7950245,-86.4096549,"Quebrada Santa Rosa, 16700, Managua, Nicaragua"
519,1222,La Nueva Concepcion,Guatemala,14.5630149,-90.4786637,"La Nueva Concepcion, 01051, Guatemala, Guatemala"
520,1223,"Comayagua, E.e. Playita",Honduras,14.3188383,-87.5135833,"El Coyolito, Comayagua, Comayagua, Honduras"
521,1224,"Danli, E.e. Las Acacias",Honduras,13.8026649,-86.558441,"Volcan de Las Barrancas, Danli, El Paraíso, Honduras"
522,1225,La Union,Honduras,15.0209565,-86.710294,"La Union, Olancho, Honduras"
523,1226,"San Pedro Sula, E.e. Omonita",Honduras,15.4898469,-88.0276247919928,"Embotelladora de Sula, 21104, San Pedro Sula, Cortés, Honduras"
524,1227,Dinajpur,Bangladesh,25.6260712,88.6346228,"Dinajpur, 5216, Rangpur Division, Bangladesh"
525,1228,Paraguaicito-quindio,Colombia,4.3435926,-75.7232898,"Quindío, Colombia"
526,1229,Cañaveral-guajira,Colombia,10.7549138,-72.8442087,"Cañaverales, La Guajira, Colombia"
527,1230,Villlavicencio,Colombia,2.8894434,-73.783892,"Colombia, Colombia"
528,1231,Menegua - Puerto López,Colombia,7.7933241,-75.8401892,"Puerto Lopez, Córdoba, Colombia"
529,1232,Villavicencio1-la Libertad,Colombia,4.0594202,-73.4612829,"La Libertad, 500005, Villavicencio, Meta, Colombia"
530,1233,Paraguaicito-armenia,Colombia,4.4923898,-75.73960166465673,"Armenia, Quindío, Colombia"
531,1235,Paraguaicito-colombia,Colombia,2.8894434,-73.783892,"Colombia, Colombia"
532,1236,Tumaco-nariño,Colombia,1.8077554,-78.7705977,"Tumaco, Nariño, Colombia"
533,1237,Menegua-puerto López,Colombia,7.7933241,-75.8401892,"Puerto Lopez, Córdoba, Colombia"
534,1238,Cañaveral-la Guajira,Colombia,10.7549138,-72.8442087,"Cañaverales, La Guajira, Colombia"
535,1239,Chiclayo V.florida,Peru,-6.7631677,-79.8583674,"Vista Florida, 5174, Chiclayo, Lambayeque, Peru"
536,1240,Celaya Gto (2),Mexico,32.2705,-115.022,"Eduardo Celaya Martinez, 21820, Sonora, Mexico"
537,1241,Acayucan,Mexico,18.0281048,-95.03593818139205,"Acayucan, 96000, Veracruz, Mexico"
538,1242,Villa Flores,Mexico,18.01487755,-96.90708723299721,"Mazatlán Villa de Flores, Oaxaca, Mexico"
539,1244,Monjas,Guatemala,14.51342945,-89.8990143228134,"Monjas, Jalapa, Guatemala"
540,1245,Quesada,Guatemala,14.2853523,-90.03049884223813,"Quesada, Jutiapa, Guatemala"
541,1246,Sanarate,Guatemala,14.7669329,-90.19860906475421,"Sanarate, El Progreso, Guatemala"
542,1247,Sonarate,Guatemala,15.6356088,-89.8988087,"Guatemala, Guatemala"
543,1248,Choluteca,Honduras,13.3696253,-87.07564445652513,"Choluteca, Honduras"
544,1249,Tulancingo,Mexico,20.132241049999998,-98.31678506523691,"Tulancingo de Bravo, Hidalgo, Mexico"
545,1250,E. Downs,Kenya,-1.3083784,36.8856095,"Downstream Community School, Lunga Lunga Road, 00200, Lunga Lunga Road, Nairobi, Nairobi, Kenya"
546,1251,Eldoret Downs,Kenya,0.5198329,35.2715481,"Eldoret, 30100, Uasin Gishu, Kenya"
547,1252,Fipah,Honduras,15.0610686,-84.5978534,"Honduras, Honduras"
548,1253,La Ceiba,Honduras,15.7833743,-86.7917749,"La Ceiba, Atlántida, Honduras"
549,1254,Sulaco,Honduras,14.9071999,-87.2633972,"Sulaco Airport, Yoro, Yoro, Honduras"
550,1255,"Iguala, Gro.",Mexico,18.352485350000002,-99.52996126668887,"Pepsi Bottling Group, Calle Federal a Taxco, 40000, Calle Federal a Taxco, Iguala, Guerrero, Mexico"
551,1256,Estili / Pueblo Nuevo,Nicaragua,13.3804064,-86.4383255,"Río Pueblo Nuevo, 32200, Estelí, Nicaragua"
552,1257,Juigalpa,Nicaragua,12.1033476,-85.3713105,"Juigalpa, 55000, Chontales, Nicaragua"
553,1258,Masatepe,Nicaragua,11.9144808,-86.14487,"Masatepe, 42600, Masaya, Nicaragua"
554,1259,Santa Rosa/managua,Nicaragua,11.7950245,-86.4096549,"Quebrada Santa Rosa, 16700, Managua, Nicaragua"
555,1260,Las Lajitas,Panama,8.3743193,-81.6488659,"Las Lajitas, Comarca Ngäbe-Buglé, Panama"
556,1261,Nuevo Ocú,Panama,8.4184813,-82.7277216,"Nuevo México, Provincia de Chiriquí, Panama"
557,1262,Pocrí,Panama,7.659308,-80.1179001,"Pocrí, Provincia de Los Santos, Panama"
558,1263,La Molina,Peru,-12.0901768,-76.92233779667893,"La Molina, Lima, Peru"
559,1264,"Dan Phuong, Hanoi",Vietnam,21.11962705,105.67846875670617,"Dan Phuong District, Hanoi, Vietnam"
560,1265,Santa Rosa/managua,Nicaragua,11.7950245,-86.4096549,"Quebrada Santa Rosa, 16700, Managua, Nicaragua"
561,1266,Estili/condega,Nicaragua,13.4012543,-86.2191268,"Telpaneca-Condega, 35700, Madriz, Nicaragua"
562,1267,Santa Tereza Carazo / La Vainilla,Nicaragua,11.6238581,-86.1904384,"La_Conquista-Santa_Teresa, 46600, Carazo, Nicaragua"
563,1268,La Zumbona,Panama,9.484668,-82.8815329,"La Amistad Panamá - Costa Rica, Provincia de Bocas del Toro, Panama"
564,1269,Taltizapan,Mexico,32.5206856,-117.0387142,"Callejón Taltizapan, 22055, Tijuana, Baja California, Mexico"
565,1271,"Inifap-iguala, Gro",Mexico,19.3828167,-99.2167443,"Iguala, 01279, Mexico City, Mexico"
566,1272,"Inifap-iguala, Gro.",Mexico,19.3828167,-99.2167443,"Iguala, 01279, Mexico City, Mexico"
567,1273,"Amealco, Qro",Mexico,20.2541644,-100.0422385,"Estancia de Santa Lucía - La Muralla - E.C. Amealco de Bonfil - Límite Estados (Qro - Edo de Mex), 76803, San Juan del Rio, Querétaro, Mexico"
568,1274,"Arroyo, Edo De Mex",Mexico,18.960642,-99.6821978,"San Mateo Coapexco, Villa Guerrero Edo. Mex., 51760, Mexico, Mexico"
569,1275,"Arroyo, Edo. De Mexico",Mexico,20.3509081,-97.1518057,"Arroyo de Cañas, Veracruz, Mexico"
570,1276,Jocotitlan Edo. Mexico,Mexico,19.7156587,-99.76222786953815,"Jocotitlán, 50700, Mexico, Mexico"
571,1277,"Progeso, Hgo.",Mexico,19.3860289,-99.0094641,"Progeso Nacional, 59720, Nezahualcóyotl, Mexico, Mexico"
572,1278,"Sta. Lucia, Edo. De Mexico",Mexico,19.79659,-98.7103892,"Sta. Lucia, Nopaltepec, Mexico, Mexico"
573,1279,"Tetela Del Volcan, Morelos",Mexico,18.918346,-98.72015249609856,"Tetela del Volcán, Morelos, Mexico"
574,1280,Texcoco Edo. De Mexico,Mexico,19.5144327,-98.8821254,"Texcoco de Mora, 56100, Mexico, Mexico"
575,1281,"Tlaltizapan, Morelos",Mexico,18.7045227,-99.14191731588632,"Tlaltizapán de Zapata, Morelos, Mexico"
576,1282,"Tlaxcoapan, Hidalgo",Mexico,20.097502650000003,-99.23306962708496,"Tlaxcoapan, Hidalgo, Mexico"
577,1283,"Zumpango, Estado De Mexico",Mexico,19.81293675,-99.08180953352705,"Zumpango, Mexico, Mexico"
578,1284,Babati,Tanzania,-4.2100635,35.7491495,"Babati, Manyara, Tanzania"
579,1285,Sanya Juu,Tanzania,-3.1862916,37.0686859,"Sanya Juu, 938, Kilimanjaro, Tanzania"
580,1286,Tengeru,Tanzania,-3.3733364,36.7860205,"Tengeru, 23210, Tanzania"
581,1287,Lanet,Kenya,-0.2966963,36.1564327,"Nakuru Airport Lanet Barraks, 20100, Nakuru, Nakuru, Kenya"
582,1288,Mabanga,Kenya,0.5978944,34.6209158,"Mabanga, Eldoret Road, Eldoret Road, Kimaeti, Bungoma, Kenya"
583,1289,Njoro,Kenya,-3.3740499,37.840045,"Njoro, Taita Taveta, Kenya"
584,1290,Hamdeni,Tanzania,-6.5247123,35.7878438,"Tanzania, Tanzania"
585,1291,Mwele,Tanzania,-6.7158652,39.2123442,"Mwelewa, 34588 DSM, Dar es Salaam, Dar es Salaam, Tanzania"
586,1292,Bani Snef,Egypt,31.023889,31.648333,"Bani Ubayd, Dakahlia Governorate, Egypt"
587,1293,Bani Suef,Egypt,29.3,31.15,"Bani Ghunaym, Beni Suef Governorate, Egypt"
588,1294,El Menia,Egypt,31.3827023,30.8516791133286,"Kafr el-Sheikh Governorate, Egypt"
589,1295,Baka Research,Malawi,-13.680208050000001,34.25890878313515,"Chitala Agricultural Research Station, Mphunga, Salima, Malawi"
590,1296,Zombwe,Malawi,-11.3140201,33.8527879,"Zombwe 2, Mzimba, Malawi"
591,1299,Lusaka,Zambia,-15.416697,28.281381,"Lusaka, Lusaka Province, Zambia"
592,1300,Msrs,Zambia,-14.5186239,27.5599164,"Zambia, Zambia"
593,1301,Musamfu Kasama,Zambia,-10.2088378,31.188255,"Kasama, Northern Province, Zambia"
594,1302,Arex Harare,Zimbabwe,-17.831773,31.045686,"Harare, 0000, Harare Province, Zimbabwe"
595,1303,Golden Valley Zambia,Zimbabwe,-18.2291438,29.7958704,"Golden Valley, Mashonaland West, Zimbabwe"
596,1304,Mutare,Zimbabwe,-18.974656,32.670473,"Mutare, Manicaland, Zimbabwe"
597,1305,Panmure,Zimbabwe,-18.4554963,29.7468414,"Zimbabwe, Zimbabwe"
598,1306,Athi River,Kenya,-1.4269207,36.929805,"Athi River, 00519, Nairobi, Nairobi, Kenya"
599,1307,Kampi Ya Mawe,Kenya,-2.9166,40.1333,"Kampi ya Kerenzeni, Kilifi, Kenya"
600,1308,Shikusa,Kenya,0.3179733,34.8126303,"Shikusa Prison, Lubao, Kakamega, Kenya"
601,1309,Yatta,Kenya,-1.28413,36.8325567,"Yatta Road, 00200, Nairobi, Nairobi, Kenya"
602,1310,"Almoloya De Juarez, Estado De Mexico",Mexico,19.39712725,-99.82162587396992,"Almoloya de Juárez, Mexico, Mexico"
603,1311,"Arroyo, Estado De Mexico",Mexico,19.1893502,-100.0673778,"Arroyo Chiquito, 51200, Mexico, Mexico"
604,1312,"Atitalaquia, Hidalgo",Mexico,20.0597395,-99.21328819731298,"Atitalaquia, Hidalgo, Mexico"
605,1313,"Boximo, Toluca",Mexico,19.2842743,-99.65263421776106,"Toluca, Mexico, Mexico"
606,1314,"Calixtlahuaca, Estado De Mexico",Mexico,19.3343316,-99.6889279,"Calixtlahuaca, 50290, Mexico, Mexico"
607,1315,"Epitacio Huerta, Michoacan",Mexico,20.14291355,-100.30214017658625,"Epitacio Huerta, Michoacán, Mexico"
608,1316,"La Trinidad, Texcoco",Mexico,19.4883148,-98.8643929,"Iglesia de la Santísima Trinidad, 83, Geranios, 56223, Geranios, San Nicolás Huexotla, Mexico, Mexico"
609,1317,Kti,Kenya,1.4419683,38.4313975,"Kenya, Kenya"
610,1318,Isinya,Kenya,-1.684538,36.846708,"Isinya, Kajiado County, Kenya"
611,1319,"Playita, Comayagua",Honduras,14.55509585,-87.67794635681561,"Comayagua, Honduras"
612,1320,Ceniab. Managua,Nicaragua,12.1461244,-86.273717,"Managua, 10000 (CODIGO MAESTRO), Managua, Nicaragua"
613,1321,"San Gilberto, Leon",Nicaragua,12.2804233,-86.6505005,"Río San Gabriel, 22200, Leon, Nicaragua"
614,1323,Sennar,Sudan,13.54727615,33.63265493088987,"Sennar Dam, Sennar, Sennar State, Sudan"
615,1325,Carapari,Bolivia,-21.82869395,-63.846821227185856,"Municipio Caraparí, Tarija, Bolivia"
616,1326,Pajonal Entre Rios,Bolivia,-17.3054892,-64.44148087663636,"Municipio Entre Ríos, +591, Cochabamba, Bolivia"
617,1327,Piriti Villa Montes,Bolivia,-17.0005215,-62.8460312,"Comunidad El Carmen Villa Montes, 3391, Santa Cruz, Bolivia"
618,1328,San Jose Norte,Bolivia,-16.8482449,-63.384011,"San Jose del Norte, 28, Santa Cruz, Bolivia"
619,1329,Palo Negro,Venezuela,10.2591856,-67.0110344,"Palo Negro, Miranda, Venezuela"
620,1330,Lusaka West,Zambia,-15.5141009,28.2555507,"West Rotana Road, 31914, Lusaka Province, Zambia"
621,1331,Zamseed Farm,Zambia,-16.0277442,28.1062417,"Mubuyu Farm Dam, Southern Province, Zambia"
622,1332,Cimmyt Harare,Zimbabwe,-17.831773,31.045686,"Harare, 0000, Harare Province, Zimbabwe"
623,1334,Sandburst Farm,Zimbabwe,-16.8289189,30.9952956,"Mutengezi Farm, Mashonaland Central, Zimbabwe"
624,1335,Sandhurst Farm,Zimbabwe,-16.8289189,30.9952956,"Mutengezi Farm, Mashonaland Central, Zimbabwe"
625,1336,"Vallecillo, Fco. Morazan",Honduras,14.4958159,-87.3483698,"Vallecillos, Francisco Morazán, Honduras"
626,1337,"Yorito, Yoro",Honduras,15.0654325,-87.2820675,"Yorito, Yoro, Honduras"
627,1338,"Bauta, Artemisa",Cuba,22.982412,-82.547409,"Bauta, 30600, Artemisa, Cuba"
628,1339,Panner,Zimbabwe,-18.4554963,29.7468414,"Zimbabwe, Zimbabwe"
629,1367,La Fazenda-puerto Lopez(meta),Colombia,4.3019136,-72.3720927,"Via Puerto López - Puerto Gaitán, Caserío La Victoria, Meta, Colombia"
630,1368,Taluma-puerto Lopez(meta),Colombia,4.085013,-72.9584671,"Puerto Lopez, Meta, Colombia"
631,1369,Libertad Pto Lopez Meta,Colombia,4.080558,-73.46033,"La Libertad (La Represa), vía Alto Pompeya - Pachaquiaro - Puerto López, 057, vía Alto Pompeya - Pachaquiaro - Puerto López, Puerto Lopez, Meta, Colombia"
632,1370,Aucaloma-san Martin,Peru,-7.0,-76.833333,"San Martín, Peru"
633,1371,Carimagua,Colombia,5.3958472,-71.0521725,"Carimagua, Casanare, Colombia"
634,1372,"Dholi, Bihar",India,25.9944458,85.658769,"Dholi, 843114, Bihar, India"
635,1373,West Bengal,India,22.9964948,87.6855882,"West Bengal, India"
636,1374,Bihar-drt,India,25.6440845,85.906508,"Bihar, India"
637,1375,Hyderabad-drt,India,17.41500345,78.41936588482253,"Hyderabad, Telangana, India"
638,1376,Hyderabad-opt,India,17.4520413,78.3934676,"Option Matrix Infotech Private Limited., Wing B, 100 Feet Road, 500081, 100 Feet Road, Greater Hyderabad Municipal Corporation, Telangana, India"
639,1377,Udaipur-drt,India,24.5787228,73.6862551,"Udaipur, 313001, Rajasthan, India"
640,1378,Sabour,India,25.238384,87.0461306,"Sabour Railway Station, 812002, Bhagalpur, Bihar, India"
641,1379,Mandya,India,12.594106700000001,76.86426781799315,"Mandya taluk, Karnataka, India"
642,1380,China,China,35.000074,104.999927,"China, China"
643,1381,Aurangabad-ww,India,19.8739536,75.3277803,"Aurangabad, 431002, Maharashtra, India"
644,1382,Bakaram/kanchan,India,17.2890993,78.3134553,"Bakaram Jagir, Telangana, India"
645,1383,Banswara-drt,India,23.5,74.333333,"Bānswāra, Rajasthan, India"
646,1384,Bihar Agr Uni,India,25.2383952,87.05065963208676,"Bihar Agricultural University, 812002, Bhagalpur, Bihar, India"
647,1385,Drt-hyd,India,17.4594,78.4439212,"State Bank of India, Bharata nagar slum, 500037, Bharata nagar slum, Greater Hyderabad Municipal Corporation, Telangana, India"
648,1386,Gowraram/kaveri,India,10.9142248,79.1814096,"Kaveri river, 613001, Thanjavur, Tamil Nadu, India"
649,1387,Guntur/nuzi,India,16.2915189,80.4541588,"Guntur, 522001, Andhra Pradesh, India"
650,1388,Hs- Lud,India,30.7725162,75.6502176,"State Bank of India, Ludhiana Road, 141104, Ludhiana Road, Ghuman, Punjab, India"
651,1389,Hs-del,India,12.9159629,77.623725,"Srinagar - Kanyakumari Highway, 560068, Bengaluru, Karnataka, India"
652,1390,Hs-guj,India,22.69425765,72.85909723785187,"State Bank of India, Station Road, 387001, Station Road, Nadiad, Gujarat, India"
653,1391,Hs-hyd,India,17.45626725,78.36807320789387,"HSBC, 500032, Greater Hyderabad Municipal Corporation, Telangana, India"
654,1392,Hs-kar,India,12.8954065,77.6019489,"State Bank of India, Bannerghatta Road, 560076, Bannerghatta Road, Bengaluru, Karnataka, India"
655,1393,Hs-pan,India,30.1533559,74.2092357,"HS Public School, Panjpeer Rd, 152116, Panjpeer Rd, Abohar, Punjab, India"
656,1394,Hs-pant,India,28.6128924,77.2294312,"India Gate, Rajpath, 020626, Rajpath, New Delhi, Delhi, India"
657,1395,Hyd,India,17.4594,78.4439212,"State Bank of India, Bharata nagar slum, 500037, Bharata nagar slum, Greater Hyderabad Municipal Corporation, Telangana, India"
658,1396,Hyderabad-ww,India,17.41500345,78.41936588482253,"Hyderabad, Telangana, India"
659,1397,Jalna/krishidhan,India,19.965490000000003,75.8270463555813,"Jalna, Maharashtra, India"
660,1398,Jalna-drt,India,19.965490000000003,75.8270463555813,"Jalna, Maharashtra, India"
661,1399,Phaltan/nimbkar,India,17.9907746,74.4298834,"Phaltan, 415523, Maharashtra, India"
662,1400,Vijayawada,India,16.5087586,80.6185102,"Vijayawada, 520001, Andhra Pradesh, India"
663,1401,Ww-bh,India,13.054758,80.2412002,"Padma Seshadri Bala Bhavan Higher Secondary School, Nungambakkam, Chennai -., Lake Area 1st Main Road, 600034, Lake Area 1st Main Road, Chennai, Tamil Nadu, India"
664,1402,Ww-hyd,India,17.4594,78.4439212,"State Bank of India, Bharata nagar slum, 500037, Bharata nagar slum, Greater Hyderabad Municipal Corporation, Telangana, India"
665,1403,Yellampet/nuziveedu,India,17.6828696,78.4895896,"Yellampet, 501401, Telangana, India"
666,1404,Hs-pak,Pakistan,24.8164906,67.0411623,"HSN Pakistan- Zamzama, 5th Commercial Lane, 75500, 5th Commercial Lane, Karachi, Sindh, Pakistan"
667,1405,Phillipines-drt,Philippines,16.405670800000003,120.59832638819113,"University of the Philippines Baguio, UP Drive, 2600, UP Drive, Baguio, Benguet, Philippines"
668,1406,Thailand,Thailand,14.8971921,100.83273,"Thailand, Thailand"
669,1407,"Amealco, Queretaro",Mexico,20.18744455,-100.06915521888163,"Amealco de Bonfil, Querétaro, Mexico"
670,1408,San Diego Texcoco De Mora,Mexico,19.50475275,-98.87219091316118,"Escuela Primaria José María Luis Mora, Miguel Hidalgo, 56130, Miguel Hidalgo, San Diego, Mexico, Mexico"
671,1409,"Coyuta, Escuintla",Guatemala,14.1914955,-90.98821497117913,"Escuintla, Guatemala"
672,1410,"La Maquina, Suchitepequez",Guatemala,14.30496535,-91.56539103867601,"Parque San José La Máquina, Suchitepéquez, Guatemala"
673,1411,"E.e. La Lujosa, Cholulteca",Honduras,13.121331999999999,-86.99301134833182,"Plaza de la Virgen, El Triunfo, Choluteca, Honduras"
674,1412,E.e. La Lujosa.cholulteca,Honduras,13.121331999999999,-86.99301134833182,"Plaza de la Virgen, El Triunfo, Choluteca, Honduras"
675,1413,"E.e. La Playita, Comayagua",Honduras,14.098398750000001,-87.20854067337245,"La Esperanza, 504, Comayaguela, Francisco Morazán, Honduras"
676,1414,Kibugu-embu,Kenya,-0.5359626500000001,37.66530196902043,"Embu County, Kenya"
677,1415,Boma Ngombe,Tanzania,-3.3321315,37.1478956,"Boma Ng'ombe, 938, Kilimanjaro, Tanzania"
678,1416,Alemaya (2),Ethiopia,9.38333,41.93333,"`Alemaya, Oromia Region, Ethiopia"
679,1417,Cereté-cordoba,Colombia,8.8884178,-75.84239456572658,"Cereté, Córdoba, Colombia"
680,1418,"La Catalina (pereira, Risaralda)",Colombia,4.8023263,-75.6964439,"Carrera 21 bis, 576, Bostón, Risaralda, Colombia"
681,1419,"La Catalina (pereira, Risasralda)",Colombia,4.80171205,-75.6964201745624,"Santa Catalina II, Bostón, Risaralda, Colombia"
682,1420,"La Catalina (perira, Risaralda)",Colombia,4.80171205,-75.6964201745624,"Santa Catalina II, Bostón, Risaralda, Colombia"
683,1421,La Catalina- Pereira (risaralda),Colombia,4.8023263,-75.6964439,"Carrera 21 bis, 576, Bostón, Risaralda, Colombia"
684,1422,La Catalina-pereira (meta),Colombia,2.389606,-73.5311851,"La Catalina, Meta, Colombia"
685,1423,La Catalina-pereira (risaralda),Colombia,4.8023263,-75.6964439,"Carrera 21 bis, 576, Bostón, Risaralda, Colombia"
686,1424,Menegua - Puerto Lopez (meta),Colombia,4.085013,-72.9584671,"Puerto Lopez, Meta, Colombia"
687,1425,Menegua-puerto Lopez (meta),Colombia,4.085013,-72.9584671,"Puerto Lopez, Meta, Colombia"
688,1426,Menegua-puerto Lopez (meta),Colombia,4.085013,-72.9584671,"Puerto Lopez, Meta, Colombia"
689,1427,Menegua-puerto López (meta),Colombia,4.085013,-72.9584671,"Puerto Lopez, Meta, Colombia"
690,1428,Paraguaicito (armenia),Colombia,4.4923898,-75.73960166465673,"Armenia, Quindío, Colombia"
691,1429,Paraguaicito-armenia (quindio),Colombia,4.4923898,-75.73960166465673,"Armenia, Quindío, Colombia"
692,1430,Sampués-cordoba,Colombia,8.3344713,-75.6666238,"Córdoba, Colombia"
693,1431,Semillas Valle - Cerrito,Colombia,3.6829185,-76.3071487,"El Cerrito, Valle del Cauca, Colombia"
694,1432,Turipana-cordoba,Colombia,8.3344713,-75.6666238,"Córdoba, Colombia"
695,1433,Villavicencio (1),Colombia,4.6195293,-74.1652038,"Avenida Villavicencio, 110881, Kennedy, Bogota Capital District, Colombia"
696,1434,Villavicencio (meta),Colombia,4.1315113,-73.6206667,"Villavicencio, 500005, Villavicencio, Meta, Colombia"
697,1435,Villavivencio (meta),Colombia,3.5000086,-73.0000086,"Meta, Colombia"
698,1436,"Paraguaicito,",Cambodia,13.5066394,104.869423,"Cambodia, Cambodia"
699,1437,Taluma (meta),Colombia,3.5000086,-73.0000086,"Meta, Colombia"
700,1438,Barranca (lima),Peru,-10.6742472,-77.7207774,"Province of Barranca, Pativilca, Lima, Peru"
701,1440,"Chachapoyas, Chimbote",Peru,-9.0783629,-78.5900838,"Chimbote, Ancash, Peru"
702,1441,"Ee El Porvenir, Tarapoto",Peru,-6.4989451,-76.3782804,"Jirón El Porvenir, TARAPOTO, Tarapoto, San Martín, Peru"
703,1442,Huaral Ee Donoso,Peru,-9.5872445,-77.5215493,"EESS SAN NICOLAS, Km. 8, Longitudinal de la Sierra Norte, 02690, Longitudinal de la Sierra Norte, Huaraz, Ancash, Peru"
704,1443,"La Molina, Lima",Peru,-12.0901768,-76.92233779667893,"La Molina, Lima, Peru"
705,1444,Sagrado Corazónl,Bolivia,-16.8477439,-63.4316312,"Sagrado Corazon, 28, Santa Cruz, Bolivia"
706,1445,Aguachica-cesar,Colombia,8.24811845,-73.62140380560058,"Aguachica, Cesar, Colombia"
707,1446,Allahabad,India,25.4381302,81.8338005,"Allahabad, 211001, Uttar Pradesh, India"
708,1447,Aligarh,India,27.8815412,78.0690216,"Aligarh, 202001, Uttar Pradesh, India"
709,1448,Attur,India,11.5998273,78.5960829,"Attur, 636102, Tamil Nadu, India"
710,1449,Bakaram,India,17.2890993,78.3134553,"Bakaram Jagir, Telangana, India"
711,1450,Bihar Sabor,India,25.6440845,85.906508,"Bihar, India"
712,1451,Chitradurga,India,14.2548525,76.34828932491845,"Chitradurga taluku, Karnataka, India"
713,1452,Dhangaon,India,19.58766755,75.38201640261204,"Lilasones Agro Industri,Dhangaon, Dhorkingaon, Maharashtra, India"
714,1453,Haveri,India,14.84627745,75.49272552005591,"Haveri taluku, Karnataka, India"
715,1454,Karimnagar,India,18.4346438,79.1322648,"Karimnagar, 505001, Telangana, India"
716,1455,Yellampet,India,17.6828696,78.4895896,"Yellampet, 501401, Telangana, India"
717,1456,"Tarimbaro, Michoacan",Mexico,19.81627885,-101.16373112841322,"Tarímbaro, 58880, Michoacán, Mexico"
718,1457,Handeni,Tanzania,-5.4270912,38.0230182,"Handeni, Tanga, Tanzania"
719,1458,Mlangarini,Tanzania,-6.5247123,35.7878438,"Tanzania, Tanzania"
720,1459,Dhera,Ethiopia,10.2116702,38.6521203,"Ethiopia, Ethiopia"
721,1460,Endebes,Kenya,1.0321015,34.8482511,"C44, Endebess, Trans Nzoia, Kenya"
722,1461,Dutwa-bariadi,Tanzania,-2.5093101,33.9686528,"Dutwa, Simiyu, Tanzania"
723,1462,Kilimatembo,Tanzania,-6.5247123,35.7878438,"Tanzania, Tanzania"
724,1463,Mara Farm,Tanzania,-1.7109912,34.621376,"Farm, Mto mara, Mara, Tanzania"
725,1464,Meru,Tanzania,-3.2125918,36.7740188,"Little Meru, Tanzania"
726,1465,Kakamega (intercrop),Kenya,0.4957104,34.801548861634615,"Kakamega, Kenya"
727,1466,Kakamega (solecrop),Kenya,0.4957104,34.801548861634615,"Kakamega, Kenya"
728,1469,Tlawi,Tanzania,-6.5247123,35.7878438,"Tanzania, Tanzania"
